{
    "pos_lat": [
        0.4339999854564667,
        0.017999999225139618,
        0.0
    ],
    "vel_lat": [
        1.5759999752044678,
        0.00800000037997961,
        0.0
    ],
    "att_roll": [
        0.041999999433755875,
        0.013481262139976025,
        0.012192199937999249
    ],
    "pos_lon": [
        0.2919999957084656,
        0.003000000026077032,
        0.0
    ],
    "vel_lon": [
        2.5350000858306885,
        0.08900000154972076,
        0.0
    ],
    "att_pitch": [
        0.041999999433755875,
        0.016002541407942772,
        0.01463362667709589
    ],
    "yaw": [
        0.03400000184774399,
        0.0020000000949949026,
        0.004999999888241291
    ],
    "alt": [
        0.21799999475479126,
        0.006000000052154064,
        0.0
    ],
    "vspeed": [
        0.3709999918937683,
        0.04699999839067459,
        0.0
    ],
    "hover_feedforward": 0.518896758556366,
    "cruise_hdg": [
        1.5,
        0.05,
        0.0
    ],
    "cruise_vspeed_pitch": [
        3.0,
        0.1,
        0.0
    ],
    "cruise_yaw_tc": [
        0.5,
        0.1,
        0.02
    ]
}